{
  "schemaVersion": 1,
  "generatedAt": "2026-02-24T07:24:33.151Z",
  "thresholds": {
    "sizeWarnPct": 5,
    "runtimeWarnPct": 10
  },
  "runtimeLoops": {
    "hello": 300,
    "array": 300,
    "hot_loop": 300,
    "hot_loop_inproc": 20,
    "hot_loop_no_hxrt": 20,
    "chat": 40
  },
  "derivedBaseline": {
    "helloOverheadRatios": {
      "portable": {
        "binaryRatio": 1.1537275784753362,
        "strippedRatio": 1.1426581614114417,
        "runtimeRatio": 1.0574713793103447
      },
      "metal": {
        "binaryRatio": 1.1536925448430493,
        "strippedRatio": 1.1426581614114417,
        "runtimeRatio": 0.9655172413793103
      }
    },
    "arrayOverheadRatios": {
      "portable": {
        "binaryRatio": 1.1536575112107623,
        "strippedRatio": 1.1426581614114417,
        "runtimeRatio": 1.1025642307692307
      },
      "metal": {
        "binaryRatio": 1.1536575112107623,
        "strippedRatio": 1.1426581614114417,
        "runtimeRatio": 1.0769230769230769
      }
    },
    "hotLoopOverheadRatios": {
      "portable": {
        "binaryRatio": 1.1892430278884463,
        "strippedRatio": 1.1847720855183541,
        "runtimeRatio": 0.8497410284839911
      },
      "metal": {
        "binaryRatio": 1.1892430278884463,
        "strippedRatio": 1.1847720855183541,
        "runtimeRatio": 0.8393782818330716
      }
    },
    "hotLoopInprocOverheadRatios": {
      "portable": {
        "binaryRatio": 1.0016849199663016,
        "strippedRatio": 1.0008081624406506,
        "runtimeRatio": 0.9979292796802591
      },
      "metal": {
        "binaryRatio": 1.0016849199663016,
        "strippedRatio": 1.0008081624406506,
        "runtimeRatio": 0.9733935486794236
      }
    },
    "hotLoopNoHxrtOverheadRatios": {
      "metal": {
        "binaryRatio": 0.997226902555462,
        "strippedRatio": 0.9988685725830893,
        "runtimeRatio": 0.9704593066416672
      }
    },
    "chatRelativeToMin": {
      "portable": {
        "binaryRatio": 1.0075806672176275,
        "strippedRatio": 1.0069425636621858,
        "runtimeRatio": 1.005966587112172
      },
      "metal": {
        "binaryRatio": 1,
        "strippedRatio": 1,
        "runtimeRatio": 1
      }
    }
  }
}
