{
  "schemaVersion": 1,
  "generatedAt": "2026-02-19T18:28:25.126Z",
  "thresholds": {
    "sizeWarnPct": 5,
    "runtimeWarnPct": 10
  },
  "runtimeLoops": {
    "hello": 300,
    "array": 300,
    "hot_loop": 300,
    "hot_loop_inproc": 8,
    "chat": 40
  },
  "derivedBaseline": {
    "helloOverheadRatios": {
      "portable": {
        "binaryRatio": 2.7757146860986546,
        "strippedRatio": 2.98265977633332,
        "runtimeRatio": 1.5049504450544113
      },
      "idiomatic": {
        "binaryRatio": 2.7757146860986546,
        "strippedRatio": 2.98265977633332,
        "runtimeRatio": 2.0396038574649644
      },
      "rusty": {
        "binaryRatio": 2.7757497197309418,
        "strippedRatio": 2.98265977633332,
        "runtimeRatio": 1.4059403558474894
      },
      "metal": {
        "binaryRatio": 2.7757497197309418,
        "strippedRatio": 2.98265977633332,
        "runtimeRatio": 1.4059403558474894
      }
    },
    "arrayOverheadRatios": {
      "portable": {
        "binaryRatio": 2.7756446188340806,
        "strippedRatio": 2.98265977633332,
        "runtimeRatio": 1.6847825342627682
      },
      "idiomatic": {
        "binaryRatio": 2.7756446188340806,
        "strippedRatio": 2.98265977633332,
        "runtimeRatio": 1.5326085290642906
      },
      "rusty": {
        "binaryRatio": 2.7756446188340806,
        "strippedRatio": 2.98265977633332,
        "runtimeRatio": 1.4239129974007612
      },
      "metal": {
        "binaryRatio": 2.7756446188340806,
        "strippedRatio": 2.98265977633332,
        "runtimeRatio": 1.3804345238658127
      }
    },
    "hotLoopOverheadRatios": {
      "portable": {
        "binaryRatio": 2.7712658139372337,
        "strippedRatio": 2.9815853166599435,
        "runtimeRatio": 1.3146068154273491
      },
      "idiomatic": {
        "binaryRatio": 2.7712658139372337,
        "strippedRatio": 2.9815853166599435,
        "runtimeRatio": 1.235955069435678
      },
      "rusty": {
        "binaryRatio": 2.7712308660096454,
        "strippedRatio": 2.9815853166599435,
        "runtimeRatio": 1.2640450148339895
      },
      "metal": {
        "binaryRatio": 2.7712308660096454,
        "strippedRatio": 2.9815853166599435,
        "runtimeRatio": 1.2696629364979177
      }
    },
    "hotLoopInprocOverheadRatios": {
      "portable": {
        "binaryRatio": 1.0016849199663016,
        "strippedRatio": 1.0008081624406506,
        "runtimeRatio": 0.6666666666666666
      },
      "idiomatic": {
        "binaryRatio": 1.0016849199663016,
        "strippedRatio": 1.0008081624406506,
        "runtimeRatio": 0.7037037037037037
      },
      "rusty": {
        "binaryRatio": 1.0016849199663016,
        "strippedRatio": 1.0008081624406506,
        "runtimeRatio": 0.6296296296296297
      },
      "metal": {
        "binaryRatio": 1.0016849199663016,
        "strippedRatio": 1.0008081624406506,
        "runtimeRatio": 0.6666666666666666
      }
    },
    "chatRelativeToMin": {
      "portable": {
        "binaryRatio": 1.0079592581732006,
        "strippedRatio": 1.006996262452948,
        "runtimeRatio": 1.0226190476190475
      },
      "idiomatic": {
        "binaryRatio": 1.0142728050699876,
        "strippedRatio": 1.0138661665536093,
        "runtimeRatio": 1.0142857142857142
      },
      "rusty": {
        "binaryRatio": 1,
        "strippedRatio": 1,
        "runtimeRatio": 1.0011904761904762
      },
      "metal": {
        "binaryRatio": 1.000059844046415,
        "strippedRatio": 1,
        "runtimeRatio": 1
      }
    }
  }
}
